{
  "sources": [
    {
      "type": "paletted_permutations",
      "textures": [
        "gleksquad:trims/models/armor/full",
        "gleksquad:trims/models/armor/full_leggings",
        "gleksquad:trims/models/armor/boundary",
        "gleksquad:trims/models/armor/boundary_leggings",
        "gleksquad:trims/models/armor/unboundary",
        "gleksquad:trims/models/armor/unboundary_leggings",
        "gleksquad:trims/models/armor/trim_palette"
      ],
      "palette_key": "trims/color_palettes/trim_palette",
      "permutations": {
        "quartz": "trims/color_palettes/quartz",
        "iron": "trims/color_palettes/iron",
        "gold": "trims/color_palettes/gold",
        "diamond": "trims/color_palettes/diamond",
        "netherite": "trims/color_palettes/netherite",
        "redstone": "trims/color_palettes/redstone",
        "copper": "trims/color_palettes/copper",
        "emerald": "trims/color_palettes/emerald",
        "lapis": "trims/color_palettes/lapis",
        "amethyst": "trims/color_palettes/amethyst"
      }
    }
  ]
}
