{
    "providers": [
      {
        "type": "bitmap",
        "file": "minecraft:custom/hearts/redheart.png",
        "height": 9,
        "ascent": 9,
        "chars": ["\uE001"]
      },
      {
        "type": "bitmap",
        "file": "minecraft:custom/hearts/frozen_heart.png",
        "height": 9,
        "ascent": 9,
        "chars": ["\uE002"]
      },      {
        "type": "bitmap",
        "file": "minecraft:custom/hearts/starheart.png",
        "height": 9,
        "ascent": 9,
        "chars": ["\uE003"]
      },      {
        "type": "bitmap",
        "file": "minecraft:custom/hearts/rainbowheart_1.png",
        "height": 9,
        "ascent": 9,
        "chars": ["\uE004"]
      },      {
        "type": "bitmap",
        "file": "minecraft:custom/hearts/rainbowheart_2.png",
        "height": 9,
        "ascent": 9,
        "chars": ["\uE005"]
      },      {
        "type": "bitmap",
        "file": "minecraft:custom/hearts/rainbowheart_3.png",
        "height": 9,
        "ascent": 9,
        "chars": ["\uE006"]
      },      {
        "type": "bitmap",
        "file": "minecraft:custom/hearts/rainbowheart_4.png",
        "height": 9,
        "ascent": 9,
        "chars": ["\uE007"]
      },      {
        "type": "bitmap",
        "file": "minecraft:custom/hearts/rainbowheart_5.png",
        "height": 9,
        "ascent": 9,
        "chars": ["\uE008"]
      },      {
        "type": "bitmap",
        "file": "minecraft:custom/hearts/rainbowheart_6.png",
        "height": 9,
        "ascent": 9,
        "chars": ["\uE009"]
      },      {
        "type": "bitmap",
        "file": "minecraft:custom/hearts/rainbowheart_7.png",
        "height": 9,
        "ascent": 9,
        "chars": ["\uE010"]
      },      {
        "type": "bitmap",
        "file": "minecraft:custom/hearts/boyheart_1.png",
        "height": 9,
        "ascent": 9,
        "chars": ["\uE011"]
      },      {
        "type": "bitmap",
        "file": "minecraft:custom/hearts/boyheart_2.png",
        "height": 9,
        "ascent": 9,
        "chars": ["\uE012"]
      },      {
        "type": "bitmap",
        "file": "minecraft:custom/hearts/boyheart_3.png",
        "height": 9,
        "ascent": 9,
        "chars": ["\uE013"]
      },      {
        "type": "bitmap",
        "file": "minecraft:custom/hearts/boyheart_4.png",
        "height": 9,
        "ascent": 9,
        "chars": ["\uE014"]
      },      {
        "type": "bitmap",
        "file": "minecraft:custom/hearts/boyheart_5.png",
        "height": 9,
        "ascent": 9,
        "chars": ["\uE015"]
      },      {
        "type": "bitmap",
        "file": "minecraft:custom/hearts/boyheart_6.png",
        "height": 9,
        "ascent": 9,
        "chars": ["\uE016"]
      }
    ]
  }