{
  "display": {
    "icon": {
      "item": "minecraft:bedrock",
      "nbt": "{Enchantments:[{id:\"\",lvl:100}]}"
    },
    "title": {
      "text": "Так значит земля плоская?"
    },
    "description": {
      "text": "Окажитель на высоте -1000 в обычном мире",
      "color": "gray"
    },
    "frame": "challenge",
    "show_toast": true,
    "announce_to_chat": true,
    "hidden": false
  },
  "parent": "gleksquad:-65y",
  "criteria": {
    "requirement": {
      "trigger": "minecraft:impossible"
    }
  },
  "rewards": {
    "experience": 625
  }
}
