{
  "display": {
    "icon": {
      "item": "minecraft:bedrock"
    },
    "title": {
      "text": "У дна"
    },
    "description": {
      "text": "Опуститесь на минимально возможную высоту в обычном мире",
      "color": "gray"
    },
    "frame": "task",
    "show_toast": true,
    "announce_to_chat": true,
    "hidden": false
  },
  "parent": "gleksquad:root",
  "criteria": {
    "requirement": {
      "trigger": "minecraft:impossible"
    }
  },
  "rewards": {
    "experience": 5
  }
}
