{
  "display": {
    "icon": {
      "item": "minecraft:bedrock",
      "nbt": "{Enchantments:[{id:\"\",lvl:100}]}"
    },
    "title": {
      "text": "Пробитое дно!"
    },
    "description": {
      "text": "Попасть за бедрок в обычном мире",
      "color": "gray"
    },
    "frame": "goal",
    "show_toast": true,
    "announce_to_chat": true,
    "hidden": false
  },
  "parent": "gleksquad:-63y",
  "criteria": {
    "requirement": {
      "trigger": "minecraft:impossible"
    }
  },
  "rewards": {
    "experience": 25
  }
}
