{
  "display": {
    "icon": {
      "item": "minecraft:experience_bottle"
    },
    "title": {
      "text": "Опытный"
    },
    "description": {
      "text": "Достигните 100 уровня опыта",
      "color": "gray"
    },
    "frame": "challenge",
    "show_toast": true,
    "announce_to_chat": true,
    "hidden": false
  },
  "parent": "gleksquad:root",
    "criteria": {
      "requirement": {
        "trigger": "minecraft:tick",
        "conditions": {
          "player": {
            "type_specific": {
              "type": "player",
              "level": 100
            }
          }
        }
      }
  },
  "rewards": {
    "experience": 0
  }
}
