{
  "display": {
    "icon": {
      "item": "minecraft:deepslate_emerald_ore"
    },
    "title": {
      "text": "Минералог "
    },
    "description": {
      "text": "Добудьте всю руду Шёлковым касанием, которая есть в игре",
      "color": "gray"
    },
    "frame": "task",
    "show_toast": true,
    "announce_to_chat": true,
    "hidden": false
  },
  "parent": "gleksquad:root",
  "criteria": {
    "coal_ore": {
      "trigger": "minecraft:inventory_changed",
      "conditions": {
        "items": [
          {
            "items": [
              "minecraft:coal_ore"
            ]
          }
        ]
      }
    },
    "deepslate_coal_ore": {
      "trigger": "minecraft:inventory_changed",
      "conditions": {
        "items": [
          {
            "items": [
              "minecraft:deepslate_coal_ore"
            ]
          }
        ]
      }
    },
    "iron_ore": {
      "trigger": "minecraft:inventory_changed",
      "conditions": {
        "items": [
          {
            "items": [
              "minecraft:iron_ore"
            ]
          }
        ]
      }
    },
    "deepslate_iron_ore": {
      "trigger": "minecraft:inventory_changed",
      "conditions": {
        "items": [
          {
            "items": [
              "minecraft:deepslate_iron_ore"
            ]
          }
        ]
      }
    },
    "copper_ore": {
      "trigger": "minecraft:inventory_changed",
      "conditions": {
        "items": [
          {
            "items": [
              "minecraft:copper_ore"
            ]
          }
        ]
      }
    },
    "deepslate_copper_ore": {
      "trigger": "minecraft:inventory_changed",
      "conditions": {
        "items": [
          {
            "items": [
              "minecraft:deepslate_copper_ore"
            ]
          }
        ]
      }
    },
    "gold_ore": {
      "trigger": "minecraft:inventory_changed",
      "conditions": {
        "items": [
          {
            "items": [
              "minecraft:gold_ore"
            ]
          }
        ]
      }
    },
    "deepslate_gold_ore": {
      "trigger": "minecraft:inventory_changed",
      "conditions": {
        "items": [
          {
            "items": [
              "minecraft:deepslate_gold_ore"
            ]
          }
        ]
      }
    },
    "redstone_ore": {
      "trigger": "minecraft:inventory_changed",
      "conditions": {
        "items": [
          {
            "items": [
              "minecraft:redstone_ore"
            ]
          }
        ]
      }
    },
    "deepslate_redstone_ore": {
      "trigger": "minecraft:inventory_changed",
      "conditions": {
        "items": [
          {
            "items": [
              "minecraft:deepslate_redstone_ore"
            ]
          }
        ]
      }
    },
    "emerald_ore": {
      "trigger": "minecraft:inventory_changed",
      "conditions": {
        "items": [
          {
            "items": [
              "minecraft:emerald_ore"
            ]
          }
        ]
      }
    },
    "deepslate_emerald_ore": {
      "trigger": "minecraft:inventory_changed",
      "conditions": {
        "items": [
          {
            "items": [
              "minecraft:deepslate_emerald_ore"
            ]
          }
        ]
      }
    },
    "lapis_ore": {
      "trigger": "minecraft:inventory_changed",
      "conditions": {
        "items": [
          {
            "items": [
              "minecraft:lapis_ore"
            ]
          }
        ]
      }
    },
    "deepslate_lapis_ore": {
      "trigger": "minecraft:inventory_changed",
      "conditions": {
        "items": [
          {
            "items": [
              "minecraft:deepslate_lapis_ore"
            ]
          }
        ]
      }
    },
    "diamond_ore": {
      "trigger": "minecraft:inventory_changed",
      "conditions": {
        "items": [
          {
            "items": [
              "minecraft:diamond_ore"
            ]
          }
        ]
      }
    },
    "deepslate_diamond_ore": {
      "trigger": "minecraft:inventory_changed",
      "conditions": {
        "items": [
          {
            "items": [
              "minecraft:deepslate_diamond_ore"
            ]
          }
        ]
      }
    },
    "nether_gold_ore": {
      "trigger": "minecraft:inventory_changed",
      "conditions": {
        "items": [
          {
            "items": [
              "minecraft:nether_gold_ore"
            ]
          }
        ]
      }
    },
    "nether_quartz_ore": {
      "trigger": "minecraft:inventory_changed",
      "conditions": {
        "items": [
          {
            "items": [
              "minecraft:nether_quartz_ore"
            ]
          }
        ]
      }
    }
  },
  "rewards": {
    "experience": 36
  }
}
