{
  "display": {
    "icon": {
      "item": "minecraft:cherry_log"
    },
    "title": {
      "text": "Дровосек"
    },
    "description": {
      "text": "Добудь все виды деревьев",
      "color": "gray"
    },
    "frame": "task",
    "show_toast": true,
    "announce_to_chat": true,
    "hidden": false
  },
  "parent": "gleksquad:root",
  "criteria": {
    "oak_log": {
      "trigger": "minecraft:inventory_changed",
      "conditions": {
        "items": [
          {
            "items": [
              "minecraft:oak_log"
            ]
          }
        ]
      }
    },
    "spruce_log": {
      "trigger": "minecraft:inventory_changed",
      "conditions": {
        "items": [
          {
            "items": [
              "minecraft:spruce_log"
            ]
          }
        ]
      }
    },
    "birch_log": {
      "trigger": "minecraft:inventory_changed",
      "conditions": {
        "items": [
          {
            "items": [
              "minecraft:birch_log"
            ]
          }
        ]
      }
    },
    "jungle_log": {
      "trigger": "minecraft:inventory_changed",
      "conditions": {
        "items": [
          {
            "items": [
              "minecraft:jungle_log"
            ]
          }
        ]
      }
    },
    "acacia_log": {
      "trigger": "minecraft:inventory_changed",
      "conditions": {
        "items": [
          {
            "items": [
              "minecraft:acacia_log"
            ]
          }
        ]
      }
    },
    "dark_oak_log": {
      "trigger": "minecraft:inventory_changed",
      "conditions": {
        "items": [
          {
            "items": [
              "minecraft:dark_oak_log"
            ]
          }
        ]
      }
    },
    "mangrove_log": {
      "trigger": "minecraft:inventory_changed",
      "conditions": {
        "items": [
          {
            "items": [
              "minecraft:mangrove_log"
            ]
          }
        ]
      }
    },
    "crimson_stem": {
      "trigger": "minecraft:inventory_changed",
      "conditions": {
        "items": [
          {
            "items": [
              "minecraft:crimson_stem"
            ]
          }
        ]
      }
    },
    "warped_stem": {
      "trigger": "minecraft:inventory_changed",
      "conditions": {
        "items": [
          {
            "items": [
              "minecraft:warped_stem"
            ]
          }
        ]
      }
    },
    "cherry_log": {
      "trigger": "minecraft:inventory_changed",
      "conditions": {
        "items": [
          {
            "items": [
              "minecraft:cherry_log"
            ]
          }
        ]
      }
    }
  },
  "rewards": {
    "experience": 10
  }
}
