{
  "display": {
    "icon": {
      "item": "minecraft:netherite_upgrade_smithing_template"
    },
    "title": "Масамунэ",
    "description": {
      "text": "Соберите все кузнечные шаблоны",
      "color": "gray"
    },
    "frame": "challenge"
  },
  "parent": "gleksquad:root",
  "criteria": {
    "upgrage": {
      "trigger": "minecraft:inventory_changed",
      "conditions": {
        "items": [
          {
            "items": [
              "minecraft:netherite_upgrade_smithing_template"
            ]
          }
        ]
      }
    },
    "ward": {
      "trigger": "minecraft:inventory_changed",
      "conditions": {
        "items": [
          {
            "items": [
              "minecraft:ward_armor_trim_smithing_template"
            ]
          }
        ]
      }
    },
    "silence": {
      "trigger": "minecraft:inventory_changed",
      "conditions": {
        "items": [
          {
            "items": [
              "minecraft:silence_armor_trim_smithing_template"
            ]
          }
        ]
      }
    },
    "spire": {
      "trigger": "minecraft:inventory_changed",
      "conditions": {
        "items": [
          {
            "items": [
              "minecraft:spire_armor_trim_smithing_template"
            ]
          }
        ]
      }
    },
    "snout": {
      "trigger": "minecraft:inventory_changed",
      "conditions": {
        "items": [
          {
            "items": [
              "minecraft:snout_armor_trim_smithing_template"
            ]
          }
        ]
      }
    },
    "sentry": {
      "trigger": "minecraft:inventory_changed",
      "conditions": {
        "items": [
          {
            "items": [
              "minecraft:sentry_armor_trim_smithing_template"
            ]
          }
        ]
      }
    },
    "tide": {
      "trigger": "minecraft:inventory_changed",
      "conditions": {
        "items": [
          {
            "items": [
              "minecraft:tide_armor_trim_smithing_template"
            ]
          }
        ]
      }
    },
    "wayfinder": {
      "trigger": "minecraft:inventory_changed",
      "conditions": {
        "items": [
          {
            "items": [
              "minecraft:wayfinder_armor_trim_smithing_template"
            ]
          }
        ]
      }
    },
    "raiser": {
      "trigger": "minecraft:inventory_changed",
      "conditions": {
        "items": [
          {
            "items": [
              "minecraft:raiser_armor_trim_smithing_template"
            ]
          }
        ]
      }
    },
    "rib": {
      "trigger": "minecraft:inventory_changed",
      "conditions": {
        "items": [
          {
            "items": [
              "minecraft:rib_armor_trim_smithing_template"
            ]
          }
        ]
      }
    },
    "vex": {
      "trigger": "minecraft:inventory_changed",
      "conditions": {
        "items": [
          {
            "items": [
              "minecraft:vex_armor_trim_smithing_template"
            ]
          }
        ]
      }
    },
    "shaper": {
      "trigger": "minecraft:inventory_changed",
      "conditions": {
        "items": [
          {
            "items": [
              "minecraft:shaper_armor_trim_smithing_template"
            ]
          }
        ]
      }
    },
    "eye": {
      "trigger": "minecraft:inventory_changed",
      "conditions": {
        "items": [
          {
            "items": [
              "minecraft:eye_armor_trim_smithing_template"
            ]
          }
        ]
      }
    },
    "wild": {
      "trigger": "minecraft:inventory_changed",
      "conditions": {
        "items": [
          {
            "items": [
              "minecraft:wild_armor_trim_smithing_template"
            ]
          }
        ]
      }
    },
    "host": {
      "trigger": "minecraft:inventory_changed",
      "conditions": {
        "items": [
          {
            "items": [
              "minecraft:host_armor_trim_smithing_template"
            ]
          }
        ]
      }
    },
    "dune": {
      "trigger": "minecraft:inventory_changed",
      "conditions": {
        "items": [
          {
            "items": [
              "minecraft:dune_armor_trim_smithing_template"
            ]
          }
        ]
      }
    },
    "coast": {
      "trigger": "minecraft:inventory_changed",
      "conditions": {
        "items": [
          {
            "items": [
              "minecraft:coast_armor_trim_smithing_template"
            ]
          }
        ]
      }
    }
  },
  "rewards": {
    "experience": 450
  },
  "sends_telemetry_event": false
}
