{
  "display": {
    "icon": {
      "item": "minecraft:green_dye"
    },
    "title": {
      "text": "Палитра"
    },
    "description": {
      "text": "Добудьте все красители",
      "color": "gray"
    },
    "frame": "task",
    "show_toast": true,
    "announce_to_chat": true,
    "hidden": false
  },
  "parent": "gleksquad:root",
  "criteria": {
    "white_dye": {
      "trigger": "minecraft:inventory_changed",
      "conditions": {
        "items": [
          {
            "items": [
              "minecraft:white_dye"
            ]
          }
        ]
      }
    },
    "orange_dye": {
      "trigger": "minecraft:inventory_changed",
      "conditions": {
        "items": [
          {
            "items": [
              "minecraft:orange_dye"
            ]
          }
        ]
      }
    },
    "magenta_dye": {
      "trigger": "minecraft:inventory_changed",
      "conditions": {
        "items": [
          {
            "items": [
              "minecraft:magenta_dye"
            ]
          }
        ]
      }
    },
    "light_blue_dye": {
      "trigger": "minecraft:inventory_changed",
      "conditions": {
        "items": [
          {
            "items": [
              "minecraft:light_blue_dye"
            ]
          }
        ]
      }
    },
    "yellow_dye": {
      "trigger": "minecraft:inventory_changed",
      "conditions": {
        "items": [
          {
            "items": [
              "minecraft:yellow_dye"
            ]
          }
        ]
      }
    },
    "pink_dye": {
      "trigger": "minecraft:inventory_changed",
      "conditions": {
        "items": [
          {
            "items": [
              "minecraft:pink_dye"
            ]
          }
        ]
      }
    },
    "lime_dye": {
      "trigger": "minecraft:inventory_changed",
      "conditions": {
        "items": [
          {
            "items": [
              "minecraft:lime_dye"
            ]
          }
        ]
      }
    },
    "gray_dye": {
      "trigger": "minecraft:inventory_changed",
      "conditions": {
        "items": [
          {
            "items": [
              "minecraft:gray_dye"
            ]
          }
        ]
      }
    },
    "light_gray_dye": {
      "trigger": "minecraft:inventory_changed",
      "conditions": {
        "items": [
          {
            "items": [
              "minecraft:light_gray_dye"
            ]
          }
        ]
      }
    },
    "cyan_dye": {
      "trigger": "minecraft:inventory_changed",
      "conditions": {
        "items": [
          {
            "items": [
              "minecraft:cyan_dye"
            ]
          }
        ]
      }
    },
    "purple_dye": {
      "trigger": "minecraft:inventory_changed",
      "conditions": {
        "items": [
          {
            "items": [
              "minecraft:purple_dye"
            ]
          }
        ]
      }
    },
    "blue_dye": {
      "trigger": "minecraft:inventory_changed",
      "conditions": {
        "items": [
          {
            "items": [
              "minecraft:blue_dye"
            ]
          }
        ]
      }
    },
    "brown_dye": {
      "trigger": "minecraft:inventory_changed",
      "conditions": {
        "items": [
          {
            "items": [
              "minecraft:brown_dye"
            ]
          }
        ]
      }
    },
    "green_dye": {
      "trigger": "minecraft:inventory_changed",
      "conditions": {
        "items": [
          {
            "items": [
              "minecraft:green_dye"
            ]
          }
        ]
      }
    },
    "red_dye": {
      "trigger": "minecraft:inventory_changed",
      "conditions": {
        "items": [
          {
            "items": [
              "minecraft:red_dye"
            ]
          }
        ]
      }
    },
    "black_dye": {
      "trigger": "minecraft:inventory_changed",
      "conditions": {
        "items": [
          {
            "items": [
              "minecraft:black_dye"
            ]
          }
        ]
      }
    }
  },
  "rewards": {
    "experience": 16
  }
}
