{
  "display": {
    "icon": {
      "item": "minecraft:red_mushroom"
    },
    "title": {
      "text": "Ты чо под грибами?"
    },
    "description": {
      "text": "Соберите все виды грибов",
      "color": "gray"
    },
    "frame": "task",
    "show_toast": true,
    "announce_to_chat": true,
    "hidden": false
  },
  "parent": "gleksquad:root",
  "criteria": {
    "brown_mushroom": {
      "trigger": "minecraft:inventory_changed",
      "conditions": {
        "items": [
          {
            "items": [
              "minecraft:brown_mushroom"
            ]
          }
        ]
      }
    },
    "red_mushroom": {
      "trigger": "minecraft:inventory_changed",
      "conditions": {
        "items": [
          {
            "items": [
              "minecraft:red_mushroom"
            ]
          }
        ]
      }
    },
    "crimson_fungus": {
      "trigger": "minecraft:inventory_changed",
      "conditions": {
        "items": [
          {
            "items": [
              "minecraft:crimson_fungus"
            ]
          }
        ]
      }
    },
    "warped_fungus": {
      "trigger": "minecraft:inventory_changed",
      "conditions": {
        "items": [
          {
            "items": [
              "minecraft:warped_fungus"
            ]
          }
        ]
      }
    }
  },
  "rewards": {
    "experience": 4
  }
}
