{
  "display": {
    "icon": {
      "item": "minecraft:goat_horn"
    },
    "title": {
      "text": "Рогач"
    },
    "description": {
      "text": "Соберите полную коллекцию козьих рогов",
      "color": "gray"
    },
    "frame": "challenge",
    "show_toast": true,
    "announce_to_chat": true,
    "hidden": false
  },
  "parent": "gleksquad:root",
  "criteria": {
    "admire_goat_horn": {
      "trigger": "minecraft:inventory_changed",
      "conditions": {
        "items": [
          {
            "items": [
              "minecraft:goat_horn"
            ],
            "nbt": "{instrument: \"minecraft:admire_goat_horn\"}"
          }
        ]
      }
    },
    "dream_goat_horn": {
      "trigger": "minecraft:inventory_changed",
      "conditions": {
        "items": [
          {
            "items": [
              "minecraft:goat_horn"
            ],
            "nbt": "{instrument: \"minecraft:dream_goat_horn\"}"
          }
        ]
      }
    },
    "yearn_goat_horn": {
      "trigger": "minecraft:inventory_changed",
      "conditions": {
        "items": [
          {
            "items": [
              "minecraft:goat_horn"
            ],
            "nbt": "{instrument: \"minecraft:yearn_goat_horn\"}"
          }
        ]
      }
    },
    "sing_goat_horn": {
      "trigger": "minecraft:inventory_changed",
      "conditions": {
        "items": [
          {
            "items": [
              "minecraft:goat_horn"
            ],
            "nbt": "{instrument: \"minecraft:sing_goat_horn\"}"
          }
        ]
      }
    },
    "call_goat_horn": {
      "trigger": "minecraft:inventory_changed",
      "conditions": {
        "items": [
          {
            "items": [
              "minecraft:goat_horn"
            ],
            "nbt": "{instrument: \"minecraft:call_goat_horn\"}"
          }
        ]
      }
    },
    "seek_goat_horn": {
      "trigger": "minecraft:inventory_changed",
      "conditions": {
        "items": [
          {
            "items": [
              "minecraft:goat_horn"
            ],
            "nbt": "{instrument: \"minecraft:seek_goat_horn\"}"
          }
        ]
      }
    },
    "ponder_goat_horn": {
      "trigger": "minecraft:inventory_changed",
      "conditions": {
        "items": [
          {
            "items": [
              "minecraft:goat_horn"
            ],
            "nbt": "{instrument: \"minecraft:ponder_goat_horn\"}"
          }
        ]
      }
    },
    "feel_goat_horn": {
      "trigger": "minecraft:inventory_changed",
      "conditions": {
        "items": [
          {
            "items": [
              "minecraft:goat_horn"
            ],
            "nbt": "{instrument: \"minecraft:feel_goat_horn\"}"
          }
        ]
      }
    }
  },
  "rewards": {
    "experience": 80
  }
}
