{
  "display": {
    "icon": {
      "item": "minecraft:snort_pottery_sherd"
    },
    "title": "Индиана Джонс",
    "description": {
      "text": "Соберите все глиняные черепки",
      "color": "gray"
    },
    "frame": "challenge"
  },
  "parent": "gleksquad:root",
  "criteria": {
    "snort": {
      "trigger": "minecraft:inventory_changed",
      "conditions": {
        "items": [
          {
            "items": [
              "minecraft:snort_pottery_sherd"
            ]
          }
        ]
      }
    },
    "skull": {
      "trigger": "minecraft:inventory_changed",
      "conditions": {
        "items": [
          {
            "items": [
              "minecraft:skull_pottery_sherd"
            ]
          }
        ]
      }
    },
    "prize": {
      "trigger": "minecraft:inventory_changed",
      "conditions": {
        "items": [
          {
            "items": [
              "minecraft:prize_pottery_sherd"
            ]
          }
        ]
      }
    },
    "shelter": {
      "trigger": "minecraft:inventory_changed",
      "conditions": {
        "items": [
          {
            "items": [
              "minecraft:shelter_pottery_sherd"
            ]
          }
        ]
      }
    },
    "sheaf": {
      "trigger": "minecraft:inventory_changed",
      "conditions": {
        "items": [
          {
            "items": [
              "minecraft:sheaf_pottery_sherd"
            ]
          }
        ]
      }
    },
    "plenty": {
      "trigger": "minecraft:inventory_changed",
      "conditions": {
        "items": [
          {
            "items": [
              "minecraft:plenty_pottery_sherd"
            ]
          }
        ]
      }
    },
    "miner": {
      "trigger": "minecraft:inventory_changed",
      "conditions": {
        "items": [
          {
            "items": [
              "minecraft:miner_pottery_sherd"
            ]
          }
        ]
      }
    },
    "mourner": {
      "trigger": "minecraft:inventory_changed",
      "conditions": {
        "items": [
          {
            "items": [
              "minecraft:mourner_pottery_sherd"
            ]
          }
        ]
      }
    },
    "hbreak": {
      "trigger": "minecraft:inventory_changed",
      "conditions": {
        "items": [
          {
            "items": [
              "minecraft:heartbreak_pottery_sherd"
            ]
          }
        ]
      }
    },
    "heart": {
      "trigger": "minecraft:inventory_changed",
      "conditions": {
        "items": [
          {
            "items": [
              "minecraft:heart_pottery_sherd"
            ]
          }
        ]
      }
    },
    "friend": {
      "trigger": "minecraft:inventory_changed",
      "conditions": {
        "items": [
          {
            "items": [
              "minecraft:friend_pottery_sherd"
            ]
          }
        ]
      }
    },
    "exp": {
      "trigger": "minecraft:inventory_changed",
      "conditions": {
        "items": [
          {
            "items": [
              "minecraft:explorer_pottery_sherd"
            ]
          }
        ]
      }
    },
    "danger": {
      "trigger": "minecraft:inventory_changed",
      "conditions": {
        "items": [
          {
            "items": [
              "minecraft:danger_pottery_sherd"
            ]
          }
        ]
      }
    },
    "burn": {
      "trigger": "minecraft:inventory_changed",
      "conditions": {
        "items": [
          {
            "items": [
              "minecraft:burn_pottery_sherd"
            ]
          }
        ]
      }
    },
    "brew": {
      "trigger": "minecraft:inventory_changed",
      "conditions": {
        "items": [
          {
            "items": [
              "minecraft:brewer_pottery_sherd"
            ]
          }
        ]
      }
    },
    "blade": {
      "trigger": "minecraft:inventory_changed",
      "conditions": {
        "items": [
          {
            "items": [
              "minecraft:blade_pottery_sherd"
            ]
          }
        ]
      }
    },
    "arms": {
      "trigger": "minecraft:inventory_changed",
      "conditions": {
        "items": [
          {
            "items": [
              "minecraft:arms_up_pottery_sherd"
            ]
          }
        ]
      }
    },
    "arc": {
      "trigger": "minecraft:inventory_changed",
      "conditions": {
        "items": [
          {
            "items": [
              "minecraft:archer_pottery_sherd"
            ]
          }
        ]
      }
    },
    "ang": {
      "trigger": "minecraft:inventory_changed",
      "conditions": {
        "items": [
          {
            "items": [
              "minecraft:angler_pottery_sherd"
            ]
          }
        ]
      }
    },
    "howl": {
      "trigger": "minecraft:inventory_changed",
      "conditions": {
        "items": [
          {
            "items": [
              "minecraft:howl_pottery_sherd"
            ]
          }
        ]
      }
    }
  },
  "rewards": {
    "experience": 450
  },
  "sends_telemetry_event": false
}
