{
  "display": {
    "icon": {
      "item": "minecraft:allay_spawn_egg",
      "nbt":"{SpawnData:{entity:{minecraft:\"allay\", id:\"minecraft:allay\"}},SpawnPotentials:[{data:{entity:{minecraft:\"allay\",id:\"minecraft:allay\"}}}]}"
    },
    "title": {
      "text": "Работать, солнце ещё высоко"
    },
    "description": {
      "text": "Дайте тихоне любой предмет",
      "color": "gray"
    },
    "frame": "task",
    "show_toast": true,
    "announce_to_chat": true,
    "hidden": false
  },
  "parent": "gleksquad:root",
  "criteria": {
    "requirement": {
      "trigger": "minecraft:player_interacted_with_entity",
      "conditions": {
        "entity": {
          "type": "minecraft:allay"
        }
      }
    }
  },
  "rewards": {
    "experience": 5
  }
}
