{
  "display": {
    "icon": {
      "item": "minecraft:salmon"
    },
    "title": {
      "text": "Золотая рыбка"
    },
    "description": {
      "text": "Выловите 100 рыбёх из воды",
      "color": "gray"
    },
    "frame": "goal",
    "show_toast": true,
    "announce_to_chat": true,
    "hidden": false
  },
  "parent": "gleksquad:root",
  "criteria": {
    "requirement": {
      "trigger": "minecraft:tick",
      "conditions": {
        "player": {
          "type_specific": {
            "type": "player",
            "stats": [
              {
                "type": "minecraft:custom",
                "stat": "minecraft:fish_caught",
                "value": 100
              }
            ]
          }
        }
      }
    }
  },
  "rewards": {
    "experience": 625
  }
}
