{
  "display": {
    "icon": {
      "item": "minecraft:bamboo"
    },
    "title": {
      "text": "Курим бамбук"
    },
    "description": {
      "text": "Добудьте бамбук",
      "color": "gray"
    },
    "frame": "task",
    "show_toast": true,
    "announce_to_chat": true,
    "hidden": false
  },
  "parent": "gleksquad:root",
  "criteria": {
    "bamboo": {
      "trigger": "minecraft:inventory_changed",
      "conditions": {
        "items": [
          {
            "items": [
              "minecraft:bamboo"
            ]
          }
        ]
      }
    }
  },
  "rewards": {
    "experience": 5
  }
}
