{
  "display": {
    "icon": {
      "item": "minecraft:flower_banner_pattern"
    },
    "title": {
      "text": "Вексиллология"
    },
    "description": {
      "text": "Создайте все узоры для флагов",
      "color": "gray"
    },
    "frame": "task",
    "show_toast": true,
    "announce_to_chat": true,
    "hidden": false
  },
  "parent": "gleksquad:root",
  "criteria": {
    "flower_banner_pattern": {
      "trigger": "minecraft:inventory_changed",
      "conditions": {
        "items": [
          {
            "items": [
              "minecraft:flower_banner_pattern"
            ]
          }
        ]
      }
    },
    "creeper_banner_pattern": {
      "trigger": "minecraft:inventory_changed",
      "conditions": {
        "items": [
          {
            "items": [
              "minecraft:creeper_banner_pattern"
            ]
          }
        ]
      }
    },
    "skull_banner_pattern": {
      "trigger": "minecraft:inventory_changed",
      "conditions": {
        "items": [
          {
            "items": [
              "minecraft:skull_banner_pattern"
            ]
          }
        ]
      }
    },
    "mojang_banner_pattern": {
      "trigger": "minecraft:inventory_changed",
      "conditions": {
        "items": [
          {
            "items": [
              "minecraft:mojang_banner_pattern"
            ]
          }
        ]
      }
    },
    "globe_banner_pattern": {
      "trigger": "minecraft:inventory_changed",
      "conditions": {
        "items": [
          {
            "items": [
              "minecraft:globe_banner_pattern"
            ]
          }
        ]
      }
    },
    "piglin_banner_pattern": {
      "trigger": "minecraft:inventory_changed",
      "conditions": {
        "items": [
          {
            "items": [
              "minecraft:piglin_banner_pattern"
            ]
          }
        ]
      }
    }
  },
  "rewards": {
    "experience": 60
  }
}
