{
  "display": {
    "icon": {
      "item": "minecraft:cake",
      "nbt": "{Enchantments:[{id:\"\",lvl:100}]}"
    },
    "title": {
      "text": "Торт - это ложь!"
    },
    "description": {
      "text": "Съеште 1000 кусков торта",
      "color": "gray"
    },
    "frame": "challenge",
    "show_toast": true,
    "announce_to_chat": true,
    "hidden": false
  },
  "parent": "gleksquad:cake",
  "criteria": {
    "requirement": {
      "trigger": "minecraft:tick",
      "conditions": {
        "player": {
          "type_specific": {
            "type": "player",
            "stats": [
              {
                "type": "minecraft:custom",
                "stat": "minecraft:eat_cake_slice",
                "value": 1000
              }
            ]
          }
        }
      }
    }
  },
  "rewards": {
    "experience": 625
  }
}
