{
  "display": {
    "icon": {
      "item": "minecraft:saddle"
    },
    "title": "Вабудидавабудида!",
    "description": {
      "text": "Покатайтесь на верблюде",
      "color": "gray"
    }
  },
  "parent": "gleksquad:root",
  "criteria": {
    "requirement": {
      "trigger": "minecraft:started_riding",
      "conditions": {
        "player": {
          "vehicle": {
            "type": "minecraft:camel",
            "equipment": {}
          }
        }
      }
    }
  },
  "rewards": {
    "experience": 5
  },
  "sends_telemetry_event": false
}

