{
  "display": {
    "icon": {
      "item": "minecraft:axolotl_bucket"
    },
    "title": "Поймать удачу",
    "description": {
      "text": "Поймайте самого редкого аксолотля",
      "color": "gray"
    },
    "frame": "challenge"
  },
  "parent": "gleksquad:fish_bucket",
  "criteria": {
    "catch_the_luck": {
      "trigger": "minecraft:player_interacted_with_entity",
      "conditions": {
        "item": {
          "items": [
            "minecraft:water_bucket"
          ]
        },
        "entity": {
          "type": "minecraft:axolotl",
          "type_specific": {
            "type": "axolotl",
            "variant": "blue"
          }
        }
      }
    }
  },
  "rewards": {
    "experience": 25
  },
  "sends_telemetry_event": false
}
