{
  "display": {
    "icon": {
      "item": "minecraft:conduit"
    },
    "title": {
      "text": "Защитник морей и океанов"
    },
    "description": {
      "text": "Создайте морской источник",
      "color": "gray"
    },
    "frame": "task",
    "show_toast": true,
    "announce_to_chat": true,
    "hidden": false
  },
  "parent": "gleksquad:root",
  "criteria": {
    "conduit": {
      "trigger": "minecraft:recipe_crafted",
      "conditions": {
        "recipe_id":"minecraft:conduit"
      }
    }
  },
  "rewards": {
    "experience": 25
  }
}
