{
  "display": {
    "icon": {
      "item": "minecraft:zombie_head"
    },
    "title": {
      "text": "Первая десятка"
    },
    "description": {
      "text": "Аннигилируйтесь из мира... В десятый раз",
      "color": "gray"
    },
    "frame": "task",
    "show_toast": true,
    "announce_to_chat": true,
    "hidden": false
  },
  "parent": "gleksquad:death",
  "criteria": {
    "requirement": {
      "trigger": "minecraft:tick",
      "conditions": {
        "player": {
          "type_specific": {
            "type": "player",
            "stats": [
              {
                "type": "minecraft:custom",
                "stat": "minecraft:deaths",
                "value": {
                  "min": 10
                }
              }
            ]
          }
        }
      }
    }
  },
  "rewards": {
    "experience": 25
  }
}
