{
  "display": {
    "icon": {
      "item": "minecraft:wither_skeleton_skull",
      "nbt": "{Enchantments:[{id:\"\",lvl:100}]}"
    },
    "title": {
      "text": "Новая Смерть"
    },
    "description": {
      "text": "Смерть - всего лишь начало нового цикла",
      "color": "gray"
    },
    "frame": "challenge",
    "show_toast": true,
    "announce_to_chat": true,
    "hidden": true
  },
  "parent": "gleksquad:death100",
  "criteria": {
    "requirement": {
      "trigger": "minecraft:tick",
      "conditions": {
        "player": {
          "type_specific": {
            "type": "player",
            "stats": [
              {
                "type": "minecraft:custom",
                "stat": "minecraft:deaths",
                "value": {
                  "min": 1000
                }
              }
            ]
          }
        }
      }
    }
  },
  "rewards": {
    "experience": 1000
  }
}
