{
  "display": {
    "icon": {
      "item": "minecraft:diamond"
    },
    "title": {
      "text": "Москвич"
    },
    "description": {
      "text": "Соберите стак алмазов",
      "color": "gray"
    },
    "frame": "task",
    "show_toast": true,
    "announce_to_chat": true,
    "hidden": false
  },
  "parent": "gleksquad:root",
  "criteria": {
    "netherite_ingot": {
      "trigger": "minecraft:inventory_changed",
      "conditions": {
        "items": [
          {
            "items": [
              "minecraft:diamond"
            ],
            "count": 64
          }
        ]
      }
    }
  },
  "rewards": {
    "experience": 8
  }
}
