{
  "display": {
    "icon": {
      "item": "minecraft:dragon_head"
    },
    "title": {
      "text": "Не щекочите дракона"
    },
    "description": {
      "text": "Найдите голову дракона",
      "color": "gray"
    },
    "frame": "task",
    "show_toast": true,
    "announce_to_chat": true,
    "hidden": false
  },
  "parent": "gleksquad:piglin_head",
  "criteria": {
    "pufferfish": {
      "trigger": "minecraft:inventory_changed",
      "conditions": {
        "items": [
          {
            "items": [
              "minecraft:dragon_head"
            ]
          }
        ]
      }
    }
  },
  "rewards": {
    "experience": 5000
  }
}
