{
  "display": {
    "icon": {
      "item": "minecraft:enchanted_golden_apple"
    },
    "title": {
      "text": "Еда богов"
    },
    "description": {
      "text": "Найдите зачарованное золотое яблоко",
      "color": "gray"
    },
    "frame": "task",
    "show_toast": true,
    "announce_to_chat": true,
    "hidden": false
  },
  "parent": "gleksquad:root",
  "criteria": {
    "enchanted_golden_apple": {
      "trigger": "minecraft:inventory_changed",
      "conditions": {
        "items": [
          {
            "items": [
              "minecraft:enchanted_golden_apple"
            ]
          }
        ]
      }
    }
  },
  "rewards": {
    "experience": 25
  }
}
