{
  "display": {
    "icon": {
      "item": "minecraft:cod_bucket"
    },
    "title": {
      "text": "Водная коллекция"
    },
    "description": {
      "text": "Поймайте в вёдра всех, кого можно поймать",
      "color": "gray"
    },
    "frame": "task",
    "show_toast": true,
    "announce_to_chat": true,
    "hidden": false
  },
  "parent": "gleksquad:root",
  "criteria": {
    "cod_bucket": {
      "trigger": "minecraft:inventory_changed",
      "conditions": {
        "items": [
          {
            "items": [
              "minecraft:cod_bucket"
            ]
          }
        ]
      }
    },
    "salmon_bucket": {
      "trigger": "minecraft:inventory_changed",
      "conditions": {
        "items": [
          {
            "items": [
              "minecraft:salmon_bucket"
            ]
          }
        ]
      }
    },
    "pufferfish_bucket": {
      "trigger": "minecraft:inventory_changed",
      "conditions": {
        "items": [
          {
            "items": [
              "minecraft:pufferfish_bucket"
            ]
          }
        ]
      }
    },
    "tropical_fish_bucket": {
      "trigger": "minecraft:inventory_changed",
      "conditions": {
        "items": [
          {
            "items": [
              "minecraft:tropical_fish_bucket"
            ]
          }
        ]
      }
    },
    "axolotl_bucket": {
      "trigger": "minecraft:inventory_changed",
      "conditions": {
        "items": [
          {
            "items": [
              "minecraft:axolotl_bucket"
            ]
          }
        ]
      }
    },
    "tadpole_bucket": {
      "trigger": "minecraft:inventory_changed",
      "conditions": {
        "items": [
          {
            "items": [
              "minecraft:tadpole_bucket"
            ]
          }
        ]
      }
    }
  },
  "rewards": {
    "experience": 12
  }
}
