{
	"display": {
		"icon": {
			"item": "minecraft:netherite_sword",
			"nbt": "{Enchantments:[{id:\"\",lvl:1}]}"
		},
		"title": {"text":"Меч Артура"},
		"description": {"text":"Создайте незеритовый меч со всеми зачарованиями",
		"color": "gray"},
		"frame": "goal",
		"show_toast": true,
		"announce_to_chat": true,
		"hidden": false
	},
	"parent": "gleksquad:master_shovel",
	"criteria": {
		"perfect_sword": {
			"trigger": "minecraft:inventory_changed",
			"conditions": {
				"items": [
					{
						"items": [
							"minecraft:netherite_sword"
						],
						"enchantments": [
							{
								"enchantment": "minecraft:sharpness",
								"levels": 5
							},
							{
								"enchantment": "minecraft:knockback",
								"levels": 2
							},
							{
								"enchantment": "minecraft:fire_aspect",
								"levels": 2
							},
							{
								"enchantment": "minecraft:looting",
								"levels": 3
							},
							{
								"enchantment": "minecraft:sweeping",
								"levels": 3
							},		
							{
								"enchantment": "minecraft:unbreaking",
								"levels": 3
							},	
							{
								"enchantment": "minecraft:mending",
								"levels": 1
							}		
						]
					}
				]
			}
		},
		"perfect_sword_smite": {
			"trigger": "minecraft:inventory_changed",
			"conditions": {
				"items": [
					{
						"items": [
							"minecraft:netherite_sword"
						],
						"enchantments": [
							{
								"enchantment": "minecraft:smite",
								"levels": 5
							},
							{
								"enchantment": "minecraft:knockback",
								"levels": 2
							},
							{
								"enchantment": "minecraft:fire_aspect",
								"levels": 2
							},
							{
								"enchantment": "minecraft:looting",
								"levels": 3
							},
							{
								"enchantment": "minecraft:sweeping",
								"levels": 3
							},		
							{
								"enchantment": "minecraft:unbreaking",
								"levels": 3
							},	
							{
								"enchantment": "minecraft:mending",
								"levels": 1
							}		
						]
					}
				]
			}
		},
		"perfect_sword_bane": {
			"trigger": "minecraft:inventory_changed",
			"conditions": {
				"items": [
					{
						"items": [
							"minecraft:netherite_sword"
						],
						"enchantments": [
							{
								"enchantment": "minecraft:bane_of_arthropods",
								"levels": 5
							},
							{
								"enchantment": "minecraft:knockback",
								"levels": 2
							},
							{
								"enchantment": "minecraft:fire_aspect",
								"levels": 2
							},
							{
								"enchantment": "minecraft:looting",
								"levels": 3
							},
							{
								"enchantment": "minecraft:sweeping",
								"levels": 3
							},		
							{
								"enchantment": "minecraft:unbreaking",
								"levels": 3
							},	
							{
								"enchantment": "minecraft:mending",
								"levels": 1
							}		
						]
					}
				]
			}
		}
	},
	"requirements": [
		[
			"perfect_sword",
			"perfect_sword_smite",
			"perfect_sword_bane"
		]
	],
	"rewards": {
	  "experience": 125
	}
}