{
	"display": {
		"icon": {
			"item": "minecraft:trident",
			"nbt": "{Enchantments:[{id:\"\",lvl:1}]}"
		},
		"title": {"text":"Бог моря"},
		"description": {"text":"Создайте трезубец со всеми зачарованиями",
		"color": "gray"},
		"frame": "goal",
		"show_toast": true,
		"announce_to_chat": true,
		"hidden": false
	},
	"parent": "gleksquad:trident",
	"criteria": {
		"perfect_trident_loyalty": {
			"trigger": "minecraft:inventory_changed",
			"conditions": {
				"items": [
					{
						"items": [
							"minecraft:trident"
						],
						"enchantments": [
							{
								"enchantment": "minecraft:impaling",
								"levels": 5
							},
							{
								"enchantment": "minecraft:loyalty",
								"levels": 3
							},
							{
								"enchantment": "minecraft:channeling",
								"levels": 1
							},
							{
								"enchantment": "minecraft:mending",
								"levels": 1
							},
							{
								"enchantment": "minecraft:unbreaking",
								"levels": 3
							}	
						]
					}
				]
			}
		},
		"perfect_trident_riptide": {
			"trigger": "minecraft:inventory_changed",
			"conditions": {
				"items": [
					{
						"items": [
							"minecraft:trident"
						],
						"enchantments": [
							{
								"enchantment": "minecraft:impaling",
								"levels": 5
							},
							{
								"enchantment": "minecraft:riptide",
								"levels": 3
							},
							{
								"enchantment": "minecraft:mending",
								"levels": 1
							},
							{
								"enchantment": "minecraft:unbreaking",
								"levels": 3
							}	
						]
					}
				]
			}
		}
	},
	"requirements": [
		[
			"perfect_trident_loyalty",
			"perfect_trident_riptide"
		]
	],
	"rewards": {
	  "experience": 65
	}
}