{
	"display": {
		"icon": {
			"item": "minecraft:bow",
			"nbt": "{Enchantments:[{id:\"\",lvl:1}]}"
		},
		"title": {"text":"Эльфийский лук"},
		"description": {"text":"Создайте лук со всеми зачарованиями","color": "gray"},
		"frame": "goal",
		"show_toast": true,
		"announce_to_chat": true,
		"hidden": false
	},
	"parent": "gleksquad:master_fishing_rod",		
	"criteria": {
		"perfect_bow_infinity": {
			"trigger": "minecraft:inventory_changed",
			"conditions": {
				"items": [
					{
						"items": [
							"minecraft:bow"
						],
						"enchantments": [
							{
								"enchantment": "minecraft:power",
								"levels": 5
							},
							{
								"enchantment": "minecraft:punch",
								"levels": 2
							},
							{
								"enchantment": "minecraft:flame",
								"levels": 1
							},
							{
								"enchantment": "minecraft:infinity",
								"levels": 1
							},
							{
								"enchantment": "minecraft:unbreaking",
								"levels": 3
							}	
						]
					}
				]
			}
		},
		"perfect_bow_mending": {
			"trigger": "minecraft:inventory_changed",
			"conditions": {
				"items": [
					{
						"items": [
							"minecraft:bow"
						],
						"enchantments": [
							{
								"enchantment": "minecraft:power",
								"levels": 5
							},
							{
								"enchantment": "minecraft:punch",
								"levels": 2
							},
							{
								"enchantment": "minecraft:flame",
								"levels": 1
							},
							{
								"enchantment": "minecraft:mending",
								"levels": 1
							},
							{
								"enchantment": "minecraft:unbreaking",
								"levels": 3
							}	
						]
					}
				]
			}
		}
	},
	"requirements": [
		[
			"perfect_bow_infinity",
			"perfect_bow_mending"
		]
	],
	"rewards": {
	  "experience": 125
	}
}