{
	"display": {
		"icon": {
			"item": "minecraft:netherite_axe",
			"nbt": "{Enchantments:[{id:\"\",lvl:1}]}"
		},
		"title": {"text":"Топор Перуна"},
		"description": {"text":"Создайте топор со всеми зачарованиями","color": "gray"},
		"frame": "goal",
		"show_toast": true,
		"announce_to_chat": true,
		"hidden": false
	},
	"parent": "gleksquad:master_pickaxe",
	"criteria": {
		"perfect_axe_fortune": {
			"trigger": "minecraft:inventory_changed",
			"conditions": {
				"items": [
					{
						"items": [
							"minecraft:netherite_axe"
						],
						"enchantments": [
							{
								"enchantment": "minecraft:sharpness",
								"levels": 5
							},
							{
								"enchantment": "minecraft:efficiency",
								"levels": 5
							},
							{
								"enchantment": "minecraft:fortune",
								"levels": 3
							},
							{
								"enchantment": "minecraft:unbreaking",
								"levels": 3
							},
							{
								"enchantment": "minecraft:mending",
								"levels": 1
							}	
						]
					}
				]
			}
		},
		"perfect_axe_silk_touch": {
			"trigger": "minecraft:inventory_changed",
			"conditions": {
				"items": [
					{
						"items": [
							"minecraft:netherite_axe"
						],
						"enchantments": [
							{
								"enchantment": "minecraft:sharpness",
								"levels": 5
							},
							{
								"enchantment": "minecraft:efficiency",
								"levels": 5
							},
							{
								"enchantment": "minecraft:silk_touch",
								"levels": 1
							},
							{
								"enchantment": "minecraft:unbreaking",
								"levels": 3
							},
							{
								"enchantment": "minecraft:mending",
								"levels": 1
							}	
						]
					}
				]
			}
		},
		"perfect_axe_fortune_smite": {
			"trigger": "minecraft:inventory_changed",
			"conditions": {
				"items": [
					{
						"items": [
							"minecraft:netherite_axe"
						],
						"enchantments": [
							{
								"enchantment": "minecraft:smite",
								"levels": 5
							},
							{
								"enchantment": "minecraft:efficiency",
								"levels": 5
							},
							{
								"enchantment": "minecraft:fortune",
								"levels": 3
							},
							{
								"enchantment": "minecraft:unbreaking",
								"levels": 3
							},
							{
								"enchantment": "minecraft:mending",
								"levels": 1
							}	
						]
					}
				]
			}
		},
		"perfect_axe_silk_touch_smite": {
			"trigger": "minecraft:inventory_changed",
			"conditions": {
				"items": [
					{
						"items": [
							"minecraft:netherite_axe"
						],
						"enchantments": [
							{
								"enchantment": "minecraft:smite",
								"levels": 5
							},
							{
								"enchantment": "minecraft:efficiency",
								"levels": 5
							},
							{
								"enchantment": "minecraft:silk_touch",
								"levels": 1
							},
							{
								"enchantment": "minecraft:unbreaking",
								"levels": 3
							},
							{
								"enchantment": "minecraft:mending",
								"levels": 1
							}	
						]
					}
				]
			}
		},
		"perfect_axe_fortune_bane": {
			"trigger": "minecraft:inventory_changed",
			"conditions": {
				"items": [
					{
						"items": [
							"minecraft:netherite_axe"
						],
						"enchantments": [
							{
								"enchantment": "minecraft:bane_of_arthropods",
								"levels": 5
							},
							{
								"enchantment": "minecraft:efficiency",
								"levels": 5
							},
							{
								"enchantment": "minecraft:fortune",
								"levels": 3
							},
							{
								"enchantment": "minecraft:unbreaking",
								"levels": 3
							},
							{
								"enchantment": "minecraft:mending",
								"levels": 1
							}	
						]
					}
				]
			}
		},
		"perfect_axe_silk_touch_bane": {
			"trigger": "minecraft:inventory_changed",
			"conditions": {
				"items": [
					{
						"items": [
							"minecraft:netherite_axe"
						],
						"enchantments": [
							{
								"enchantment": "minecraft:bane_of_arthropods",
								"levels": 5
							},
							{
								"enchantment": "minecraft:efficiency",
								"levels": 5
							},
							{
								"enchantment": "minecraft:silk_touch",
								"levels": 1
							},
							{
								"enchantment": "minecraft:unbreaking",
								"levels": 3
							},
							{
								"enchantment": "minecraft:mending",
								"levels": 1
							}	
						]
					}
				]
			}
		}
	},	
	"requirements": [
		[
			"perfect_axe_fortune",
			"perfect_axe_silk_touch",
			"perfect_axe_fortune_smite",
			"perfect_axe_silk_touch_smite",
			"perfect_axe_fortune_bane",
			"perfect_axe_silk_touch_bane"
		]
	],
	"rewards": {
	  "experience": 125
	}
}