{
	"display": {
		"icon": {
			"item": "minecraft:netherite_helmet",
			"nbt": "{Enchantments:[{id:\"\",lvl:1}]}"
		},
		"title": {"text":"Царский шлем"},
		"description": {"text":"Создайте незеритовый шлем со всеми зачарованиями",
		"color": "gray"},
		"frame": "goal",
		"show_toast": true,
		"announce_to_chat": true,
		"hidden": false
	},
	"parent": "gleksquad:root",		
	"criteria": {
		"helmet_protection": {
			"trigger": "minecraft:inventory_changed",
			"conditions": {
				"items": [
					{
						"items": [
							"minecraft:netherite_helmet"
						],
						"enchantments": [
							{
								"enchantment": "minecraft:protection",
								"levels": 4
							},
							{
								"enchantment": "minecraft:unbreaking",
								"levels": 3
							},
							{
								"enchantment": "minecraft:mending",
								"levels": 1
							},
							{
								"enchantment": "minecraft:aqua_affinity",
								"levels": 1
							},
							{
								"enchantment": "minecraft:respiration",
								"levels": 3
							}	
						]
					}
				]
			}
		},
		"helmet_fire_protection": {
			"trigger": "minecraft:inventory_changed",
			"conditions": {
				"items": [
					{
						"items": [
							"minecraft:netherite_helmet"
						],
						"enchantments": [
							{
								"enchantment": "minecraft:fire_protection",
								"levels": 4
							},
							{
								"enchantment": "minecraft:unbreaking",
								"levels": 3
							},
							{
								"enchantment": "minecraft:mending",
								"levels": 1
							},
							{
								"enchantment": "minecraft:aqua_affinity",
								"levels": 1
							},
							{
								"enchantment": "minecraft:respiration",
								"levels": 3
							}	
						]
					}
				]
			}
		},
		"helmet_projectile_protection": {
			"trigger": "minecraft:inventory_changed",
			"conditions": {
				"items": [
					{
						"items": [
						"minecraft:netherite_helmet"
					    ],
						"enchantments": [
							{
								"enchantment": "minecraft:projectile_protection",
								"levels": 4
							},
							{
								"enchantment": "minecraft:unbreaking",
								"levels": 3
							},
							{
								"enchantment": "minecraft:mending",
								"levels": 1
							},
							{
								"enchantment": "minecraft:aqua_affinity",
								"levels": 1
							},
							{
								"enchantment": "minecraft:respiration",
								"levels": 3
							}	
						]
					}
				]
			}
		},
		"helmet_blast_protection": {
			"trigger": "minecraft:inventory_changed",
			"conditions": {
				"items": [
					{
						"items": [
						"minecraft:netherite_helmet"
					],
						"enchantments": [
							{
								"enchantment": "minecraft:blast_protection",
								"levels": 4
							},
							{
								"enchantment": "minecraft:unbreaking",
								"levels": 3
							},
							{
								"enchantment": "minecraft:mending",
								"levels": 1
							},
							{
								"enchantment": "minecraft:aqua_affinity",
								"levels": 1
							},
							{
								"enchantment": "minecraft:respiration",
								"levels": 3
							}	
						]
					}
				]
			}
		}
	},
	"requirements": [
		[
			"helmet_protection",
			"helmet_fire_protection",
			"helmet_projectile_protection",
			"helmet_blast_protection"
		]
	],
	"rewards": {
	  "experience": 125
	}
}