{
	"display": {
		"icon": {
			"item": "minecraft:netherite_leggings",
			"nbt": "{Enchantments:[{id:\"\",lvl:1}]}"
		},
		"title": {"text":"Гномьи поножи"},
		"description": {"text":"Создайте незеритовые поножи со всеми зачарованиями",
		"color": "gray"},
		"frame": "goal",
		"show_toast": true,
		"announce_to_chat": true,
		"hidden": false
	},
	"parent": "gleksquad:master_chestplate",
	"criteria": {
		"leggings_protection": {
			"trigger": "minecraft:inventory_changed",
			"conditions": {
				"items": [
					{
						"items": [
							"minecraft:netherite_leggings"
						],
						"enchantments": [
							{
								"enchantment": "minecraft:protection",
								"levels": 4
							},
							{
								"enchantment": "minecraft:unbreaking",
								"levels": 3
							},
							{
								"enchantment": "minecraft:mending",
								"levels": 1
							},
							{
								"enchantment": "minecraft:swift_sneak",
								"levels": 3
							}
						]
					}
				]
			}
		},
		"leggings_fire_protection": {
			"trigger": "minecraft:inventory_changed",
			"conditions": {
				"items": [
					{
						"items": [
							"minecraft:netherite_leggings"
						],
						"enchantments": [
							{
								"enchantment": "minecraft:fire_protection",
								"levels": 4
							},
							{
								"enchantment": "minecraft:unbreaking",
								"levels": 3
							},
							{
								"enchantment": "minecraft:mending",
								"levels": 1
							},
							{
								"enchantment": "minecraft:swift_sneak",
								"levels": 3
							}
						]
					}
				]
			}
		},
		"leggings_projectile_protection": {
			"trigger": "minecraft:inventory_changed",
			"conditions": {
				"items": [
					{
						"items": [
							"minecraft:netherite_leggings"
						],
						"enchantments": [
							{
								"enchantment": "minecraft:projectile_protection",
								"levels": 4
							},
							{
								"enchantment": "minecraft:unbreaking",
								"levels": 3
							},
							{
								"enchantment": "minecraft:mending",
								"levels": 1
							},
							{
								"enchantment": "minecraft:swift_sneak",
								"levels": 3
							}
						]
					}
				]
			}
		},
		"leggings_blast_protection": {
			"trigger": "minecraft:inventory_changed",
			"conditions": {
				"items": [
					{
						"items": [
							"minecraft:netherite_leggings"
						],
						"enchantments": [
							{
								"enchantment": "minecraft:blast_protection",
								"levels": 4
							},
							{
								"enchantment": "minecraft:unbreaking",
								"levels": 3
							},
							{
								"enchantment": "minecraft:mending",
								"levels": 1
							},
							{
								"enchantment": "minecraft:swift_sneak",
								"levels": 3
							}
						]
					}
				]
			}
		}
	},
	"requirements": [
		[
			"leggings_protection",
			"leggings_fire_protection",
			"leggings_projectile_protection",
			"leggings_blast_protection"
		]
	],
	"rewards": {
	  "experience": 125
	}
}