{
	"display": {
		"icon": {
			"item": "minecraft:crossbow",
			"nbt": "{Enchantments:[{id:\"\",lvl:1}]}"
		},
		"title": {"text":"Ведьмачий арбалет"},
		"description": {"translate":"Создайте арбалет со всеми зачарованиями","color": "gray"},
		"frame": "goal",
		"show_toast": true,
		"announce_to_chat": true,
		"hidden": false
	},
	"parent": "gleksquad:master_bow",		
	"criteria": {
		"perfect_bow_multishot": {
			"trigger": "minecraft:inventory_changed",
			"conditions": {
				"items": [
					{
						"items": [
							"minecraft:crossbow"
						],
						"enchantments": [
							{
								"enchantment": "minecraft:quick_charge",
								"levels": 3
							},
							{
								"enchantment": "minecraft:multishot",
								"levels": 1
							},
							{
								"enchantment": "minecraft:mending",
								"levels": 1
							},
							{
								"enchantment": "minecraft:unbreaking",
								"levels": 3
							}	
						]
					}
				]
			}
		},
		"perfect_bow_piercing": {
			"trigger": "minecraft:inventory_changed",
			"conditions": {
				"items": [
					{
						"items": [
							"minecraft:crossbow"
						],
						"enchantments": [
							{
								"enchantment": "minecraft:quick_charge",
								"levels": 3
							},						
							{
								"enchantment": "minecraft:piercing",
								"levels": 4
							},
							{
								"enchantment": "minecraft:mending",
								"levels": 1
							},
							{
								"enchantment": "minecraft:unbreaking",
								"levels": 3
							}	
						]
					}
				]
			}
		}
	},
	"requirements": [
		[
			"perfect_bow_multishot",
			"perfect_bow_piercing"
		]
	],
	"rewards": {
	  "experience": 125
	}
}