{
	"display": {
		"icon": {
			"item": "minecraft:netherite_pickaxe",
			"nbt": "{Enchantments:[{id:\"\",lvl:1}]}"
		},
		"title": {"text":"Гоблинская кирка"},
		"description": {"text":"Создайте незеритовую кирку со всеми зачарованиями",
		"color": "gray"},
		"frame": "goal",
		"show_toast": true,
		"announce_to_chat": true,
		"hidden": false
	},
	"parent": "gleksquad:root",	
	"criteria": {
		"perfect_pickaxe_fortune": {
			"trigger": "minecraft:inventory_changed",
			"conditions": {
				"items": [
					{
						"items": [
							"minecraft:netherite_pickaxe"
						],
						"enchantments": [
							{
								"enchantment": "minecraft:efficiency",
								"levels": 5
							},
							{
								"enchantment": "minecraft:fortune",
								"levels": 3
							},
							{
								"enchantment": "minecraft:unbreaking",
								"levels": 3
							},
							{
								"enchantment": "minecraft:mending",
								"levels": 1
							}	
						]
					}
				]
			}
		},
		"perfect_pickaxe_silk_touch": {
			"trigger": "minecraft:inventory_changed",
			"conditions": {
				"items": [
					{
						"items": [
							"minecraft:netherite_pickaxe"
						],
						"enchantments": [
							{
								"enchantment": "minecraft:efficiency",
								"levels": 5
							},
							{
								"enchantment": "minecraft:silk_touch",
								"levels": 1
							},
							{
								"enchantment": "minecraft:unbreaking",
								"levels": 3
							},
							{
								"enchantment": "minecraft:mending",
								"levels": 1
							}	
						]
					}
				]
			}
		}
	},	
	"requirements": [
		[
			"perfect_pickaxe_fortune",
			"perfect_pickaxe_silk_touch"
		]
	],
	"rewards": {
	  "experience": 125
	}
}