{
	"display": {
		"icon": {
			"item": "minecraft:fishing_rod",
			"nbt": "{Enchantments:[{id:\"minecraft:unbreaking\",lvl:1}]}"
		},
		"title": {"text":"Волшебная удочка"},
		"description": {"text":"Создайте удочку со всеми зачарованиями","color": "gray"},

		"frame": "goal",
		"show_toast": true,
		"announce_to_chat": true,
		"hidden": false
	},
	"parent": "gleksquad:root",
	"criteria": {
		"perfect_rod": {
			"trigger": "minecraft:inventory_changed",
			"conditions": {
				"items": [
					{
						"items": [
							"minecraft:fishing_rod"
						],
						"enchantments": [
							{
								"enchantment": "minecraft:lure",
								"levels": 3
							},
							{
								"enchantment": "minecraft:luck_of_the_sea",
								"levels": 3
							},	
							{
								"enchantment": "minecraft:unbreaking",
								"levels": 3
							},	
							{
								"enchantment": "minecraft:mending",
								"levels": 1
							}		
						]
					}
				]
			}
		}
	},
	"rewards": {
	  "experience": 125
	}
}