{
	"display": {
		"icon": {
			"item": "minecraft:netherite_chestplate",
			"nbt": "{Enchantments:[{id:\"\",lvl:1}]}"
		},
		"title": {"text":"Нагрудник Ареса"},
		"description": {"text":"Создайте незеритовый нагрудник со всеми зачарованиями","color": "gray"},
		"frame": "goal",
		"show_toast": true,
		"announce_to_chat": true,
		"hidden": false
	},
	"parent": "gleksquad:master_helmet",
	"criteria": {
		"chestplate_protection": {
			"trigger": "minecraft:inventory_changed",
			"conditions": {
				"items": [
					{
						"items": [
							"minecraft:netherite_chestplate"
						],
						"enchantments": [
							{
								"enchantment": "minecraft:protection",
								"levels": 4
							},
							{
								"enchantment": "minecraft:unbreaking",
								"levels": 3
							},
							{
								"enchantment": "minecraft:mending",
								"levels": 1
							},
							{
								"enchantment": "minecraft:thorns",
								"levels": 3
							}	
						]
					}
				]
			}
		},
		"chestplate_fire_protection": {
			"trigger": "minecraft:inventory_changed",
			"conditions": {
				"items": [
					{
						"items": [
							"minecraft:netherite_chestplate"
						],
						"enchantments": [
							{
								"enchantment": "minecraft:fire_protection",
								"levels": 4
							},
							{
								"enchantment": "minecraft:unbreaking",
								"levels": 3
							},
							{
								"enchantment": "minecraft:mending",
								"levels": 1
							},
							{
								"enchantment": "minecraft:thorns",
								"levels": 3
							}	
						]
					}
				]
			}
		},
		"chestplate_projectile_protection": {
			"trigger": "minecraft:inventory_changed",
			"conditions": {
				"items": [
					{
						"items": [
							"minecraft:netherite_chestplate"
						],
						"enchantments": [
							{
								"enchantment": "minecraft:projectile_protection",
								"levels": 4
							},
							{
								"enchantment": "minecraft:unbreaking",
								"levels": 3
							},
							{
								"enchantment": "minecraft:mending",
								"levels": 1
							},
							{
								"enchantment": "minecraft:thorns",
								"levels": 3
							}	
						]
					}
				]
			}
		},
		"chestplate_blast_protection": {
			"trigger": "minecraft:inventory_changed",
			"conditions": {
				"items": [
					{
						"items": [
							"minecraft:netherite_chestplate"
						],
						"enchantments": [
							{
								"enchantment": "minecraft:blast_protection",
								"levels": 4
							},
							{
								"enchantment": "minecraft:unbreaking",
								"levels": 3
							},
							{
								"enchantment": "minecraft:mending",
								"levels": 1
							},
							{
								"enchantment": "minecraft:thorns",
								"levels": 3
							}	
						]
					}
				]
			}
		}
	},
	"requirements": [
		[
			"chestplate_protection",
			"chestplate_fire_protection",
			"chestplate_projectile_protection",
			"chestplate_blast_protection"
		]
	],
	"rewards": {
	  "experience": 125
	}
}