{
  "display": {
    "icon": {
      "item": "minecraft:netherite_ingot"
    },
    "title": {
      "text": "Лучше чем алмаз"
    },
    "description": {
      "text": "Создай незеритовый слиток",
      "color": "gray"
    },
    "frame": "task",
    "show_toast": true,
    "announce_to_chat": true,
    "hidden": false
  },
  "parent": "gleksquad:root",
  "criteria": {
    "netherite_ingot": {
      "trigger": "minecraft:recipe_crafted",
      "conditions": {
        "recipe_id":"minecraft:netherite_ingot"
      }
    }
  },
  "rewards": {
    "experience": 5
  }
}
