{
  "display": {
    "icon": {
      "item": "minecraft:nether_star"
    },
    "title": {
      "text": "Яркая звёздочка"
    },
    "description": {
      "text": "Добудьте звезду Незера",
      "color": "gray"
    },
    "frame": "goal",
    "show_toast": true,
    "announce_to_chat": true,
    "hidden": false
  },
  "parent": "gleksquad:root",
  "criteria": {
    "tnt": {
      "trigger": "minecraft:inventory_changed",
      "conditions": {
        "items": [
          {
            "items": [
              "minecraft:nether_star"
            ]
          }
        ]
      }
    }
  },
  "rewards": {
    "experience": 25
  }
}
