{
  "display": {
    "icon": {
      "item": "minecraft:calibrated_sculk_sensor"
    },
    "title": {
      "text": "Калибровщик"
    },
    "description": {
      "text": "Создайте откалиброванный скалк-сенсор",
      "color": "gray"
    },
    "frame": "task",
    "show_toast": true,
    "announce_to_chat": true,
    "hidden": false
  },
  "parent": "gleksquad:root",
  "criteria": {
    "tnt": {
      "trigger": "minecraft:recipe_crafted",
      "conditions": {
        "recipe_id":"minecraft:calibrated_sculk_sensor"
      }
    }
  },
  "rewards": {
    "experience": 5
  }
}
