{
  "display": {
    "icon": {
      "item": "minecraft:bamboo_block"
    },
    "title": {
      "text": "Трюк с сигаретами"
    },
    "description": {
      "text": "Создайте блок бамбука",
      "color": "gray"
    },
    "frame": "task",
    "show_toast": true,
    "announce_to_chat": true,
    "hidden": false
  },
  "parent": "gleksquad:bamboo",
  "criteria": {
    "bamboo": {
      "trigger": "minecraft:recipe_crafted",
      "conditions": {
        "recipe_id":"minecraft:bamboo_block"
      }
    }
  },
  "rewards": {
    "experience": 10
  }
}
