{
  "display": {
    "icon": {
      "item": "minecraft:enchanted_book"
    },
    "title": "Виживальщик",
    "description": {
      "text": "Выживите день ни разу не умерев, и не используя тотемы...",
      "color": "gray"
    },
    "frame": "goal"
  },
  "parent": "gleksquad:nodeathhour",
  "criteria": {
    "nodeathday": {
      "trigger": "minecraft:tick",
      "conditions": {
        "player": {
          "type_specific": {
            "type": "player",
            "stats": [
              {
                "type": "minecraft:used",
                "stat": "minecraft:totem_of_undying",
                "value": 0
              },
              {
                "type": "minecraft:custom",
                "stat": "minecraft:deaths",
                "value": 0
              },
              {
                "type": "minecraft:custom",
                "stat": "minecraft:time_since_death",
                "value": 1728000
              }
            ]
          }
        }
      }
    }
  },
  "rewards": {
    "experience": 500
  },
  "sends_telemetry_event": false
}
