{
  "display": {
    "icon": {
      "item": "minecraft:knowledge_book",
			"nbt": "{Enchantments:[{id:\"\",lvl:1}]}"
    },
    "title": "Король выживания",
    "description": {
      "text": "Выживите неделю ни разу не умерев, и не используя тотемы...",
      "color": "gray"
    },
    "frame": "challenge"
  },
  "parent": "gleksquad:nodeathday",
  "criteria": {
    "nodeathday": {
      "trigger": "minecraft:tick",
      "conditions": {
        "player": {
          "type_specific": {
            "type": "player",
            "stats": [
              {
                "type": "minecraft:used",
                "stat": "minecraft:totem_of_undying",
                "value": 0
              },
              {
                "type": "minecraft:custom",
                "stat": "minecraft:deaths",
                "value": 0
              },
              {
                "type": "minecraft:custom",
                "stat": "minecraft:time_since_death",
                "value": 12096000
              }
            ]
          }
        }
      }
    }
  },
  "rewards": {
    "experience": 8400
  },
  "sends_telemetry_event": false
}
