{
  "display": {
    "icon": {
      "item": "minecraft:piglin_head"
    },
    "title": {
      "text": "Свинтус придёт!"
    },
    "description": {
      "text": "Найдите голову пиглина",
      "color": "gray"
    },
    "frame": "task",
    "show_toast": true,
    "announce_to_chat": true,
    "hidden": false
  },
  "parent": "gleksquad:creeper_head",
  "criteria": {
    "pufferfish": {
      "trigger": "minecraft:inventory_changed",
      "conditions": {
        "items": [
          {
            "items": [
              "minecraft:piglin_head"
            ]
          }
        ]
      }
    }
  },
  "rewards": {
    "experience": 25
  }
}
