{
  "display": {
    "icon": {
      "item": "minecraft:stone_sword"
    },
    "title": {
      "text": "Убей или будь убит..."
    },
    "description": {
      "text": "Убейте игрока",
      "color": "gray"
    },
    "hidden": false
  },
  "parent": "gleksquad:player_hit",
  "criteria": {
    "kill": {
      "trigger": "minecraft:tick",
      "conditions": {
        "player": {
          "type_specific": {
            "type": "player",
            "stats": [
              {
                "type": "minecraft:custom",
                "stat": "minecraft:player_kills",
                "value": 1
              }
            ]
          }
        }
      }
    }
  },
  "rewards": {
    "experience": 5
  },
  "sends_telemetry_event": false
}

