{
  "display": {
    "icon": {
      "item": "minecraft:player_head",
      "nbt": "{SkullOwner:{Id:[I;1441820034,-1367515392,-1638316629,-2026361027],Properties:{textures:[{Value:\"e3RleHR1cmVzOntTS0lOOnt1cmw6Imh0dHA6Ly90ZXh0dXJlcy5taW5lY3JhZnQubmV0L3RleHR1cmUvOWYzYzMxZjM3NzkyMDAxYzljNDQ2MDQ4ZmUwNTVlMzc1NzM3MjU5MWFmNDgzOWUwMTYyOTNhNDFiNGQwYzIzZSJ9fX0=\"}]}}}"
    },
    "title": {
      "text": "Забивной",
      "frame": "task",
      "show_toast": true,
      "announce_to_chat": true,
      "hidden": false
    },
    "description": {
      "text": "Ударьте любого игрока",
      "color": "gray"
    }
  },
  "parent": "gleksquad:root",
  "criteria": {
    "requirement": {
      "trigger": "minecraft:player_hurt_entity",
      "conditions": {
        "entity": {
          "type": "minecraft:player"
        }
      }
    }
  },
  "rewards": {
    "experience": 5
  }
}
