{
  "display": {
    "icon": {
      "item": "minecraft:spyglass"
    },
    "title": {
      "text": "Шнион"
    },
    "description": {
      "text": "Посмотрите на игрока через подзорную трубу",
      "color": "gray"
    },
    "frame": "task",
    "show_toast": true,
    "announce_to_chat": true,
    "hidden": false
  },
  "parent": "gleksquad:player_hit",
  "criteria": {
    "spyglass_at_parrot": {
      "trigger": "minecraft:using_item",
      "conditions": {
        "player": [
          {
            "condition": "minecraft:entity_properties",
            "entity": "this",
            "predicate": {
              "type_specific": {
                "type": "player",
                "looking_at": {
                  "type": "minecraft:player"
                }
              }
            }
          }
        ],
        "item": {
          "items": [
            "minecraft:spyglass"
          ]
        }
      }
    }
  },
  "rewards": {
    "experience": 5
  }
}
