{
  "display": {
    "icon": {
      "item": "minecraft:iron_sword"
    },
    "title": {
      "text": "Самоборона?"
    },
    "description": {
      "text": "Убейте игрока(-ов) 10 раз.",
      "color": "gray"
    },
    "hidden": true
  },
  "parent": "gleksquad:player_kill",
  "criteria": {
    "kill": {
      "trigger": "minecraft:tick",
      "conditions": {
        "player": {
          "type_specific": {
            "type": "player",
            "stats": [
              {
                "type": "minecraft:custom",
                "stat": "minecraft:player_kills",
                "value": 10
              }
            ]
          }
        }
      }
    }
  },
  "rewards": {
    "experience": 10
  },
  "sends_telemetry_event": false
}

