{
  "display": {
    "icon": {
      "item": "player_head",
      "nbt": "{SkullOwner:{Id:[I;-1880193568,-1071165225,-1292252851,-1419495939],Properties:{textures:[{Value:\"e3RleHR1cmVzOntTS0lOOnt1cmw6Imh0dHA6Ly90ZXh0dXJlcy5taW5lY3JhZnQubmV0L3RleHR1cmUvMjYyMmNkNmVlMWY3NzQ5NDhhY2Y5MDlmZjk4MDVjNWE0MzQwMTc0ZThiMzg1Y2JlNDY0ODI1Yjk0NmY4OTFlOSJ9fX0=\"}]}}}"
    },
    "title": "♂Dungeon Master♂",
    "description": {"text":"Убить хранителя","color": "gray"},
    "frame": "challenge",
    "show_toast": true,
    "announce_to_chat": true,
    "hidden": false
  },
  "parent": "gleksquad:root",
  "criteria": {
    "requirement": {
      "trigger": "minecraft:player_killed_entity",
      "conditions": {
        "entity": [
          {
            "condition": "minecraft:entity_properties",
            "entity": "this",
            "predicate": {
              "type": "minecraft:warden"
            }
          }
        ]
      }
    }
  },
  "rewards": {
    "experience": 625
  }
}