{
  "display": {
    "icon": {
      "item": "minecraft:golden_sword"
    },
    "title": {
      "text": "Великий киллер"
    },
    "description": {
      "text": "Убейте игрока(-ов) 100 раз.",
      "color": "gray"
    },
    "hidden": false,
    "frame": "challenge"
  },
  "parent": "gleksquad:player_killer",
  "criteria": {
    "kill": {
      "trigger": "minecraft:tick",
      "conditions": {
        "player": {
          "type_specific": {
            "type": "player",
            "stats": [
              {
                "type": "minecraft:custom",
                "stat": "minecraft:player_kills",
                "value": 100
              }
            ]
          }
        }
      }
    }
  },
  "rewards": {
    "experience": 1000
  },
  "sends_telemetry_event": false
}

