{
  "display": {
    "icon": {
      "item": "minecraft:recovery_compass"
    },
    "title": {
      "text": "Возврашение к могиле"
    },
    "description": {
      "text": "Создай возвратный компас",
      "color": "gray"
    },
    "frame": "task",
    "show_toast": true,
    "announce_to_chat": true,
    "hidden": false
  },
  "parent": "gleksquad:root",
  "criteria": {
    "recovery_compass": {
      "trigger": "minecraft:recipe_crafted",
      "conditions": {
        "recipe_id":"minecraft:recovery_compass"
      }
    }
  },
  "rewards": {
    "experience": 25
  }
}
