{
  "display": {
    "icon": {
      "item": "minecraft:sniffer_egg"
    },
    "title": "GlekSquad",
    "description": {"text":"Добро пожаловать на четвёртый сезон сервера GlekSquad!","color": "gray"},
    "background": "minecraft:textures/block/cyan_concrete.png",
    "show_toast": true,
    "announce_to_chat": false,
    "hidden": false
  },
  "criteria": {
    "requirement": {
      "trigger": "minecraft:tick"
    }
  },
  "rewards": {
    "experience": 0
  }
}