{
  "display": {
    "icon": {
      "item": "minecraft:shield"
    },
    "title": {
      "text": " 316-я стрелковая дивизия"
    },
    "description": {
      "text": "Отразите 100 рейдов ни разу не умерев",
      "color": "gray"
    },
    "frame": "challenge",
    "show_toast": true,
    "announce_to_chat": true,
    "hidden": false
  },
  "parent": "gleksquad:root",
  "criteria": {
    "requirement": {
      "trigger": "minecraft:tick",
      "conditions": {
        "player": {
          "type_specific": {
            "type": "player",
            "stats": [
              {
                "type": "minecraft:custom",
                "stat": "minecraft:raid_win",
                "value": 100
              },
              {
                "type": "minecraft:custom",
                "stat": "minecraft:deaths",
                "value": 0
              }
            ]
          }
        }
      }
    }
  },
  "rewards": {
    "experience": 6250
  }
}
