{
  "display": {
    "icon": {
      "item": "minecraft:skeleton_skull"
    },
    "title": {
      "text": "Быть или не быть?"
    },
    "description": {
      "text": "Найдите череп скелета",
      "color": "gray"
    },
    "frame": "task",
    "show_toast": true,
    "announce_to_chat": true,
    "hidden": false
  },
  "parent": "gleksquad:root",
  "criteria": {
    "pufferfish": {
      "trigger": "minecraft:inventory_changed",
      "conditions": {
        "items": [
          {
            "items": [
              "minecraft:skeleton_skull"
            ]
          }
        ]
      }
    }
  },
  "rewards": {
    "experience": 25
  }
}
