{
  "display": {
    "icon": {
      "item": "minecraft:player_head",
      "nbt": "{SkullOwner:{Id:[I;1605236823,1100436107,-1966342889,589184065],Properties:{textures:[{Value:\"e3RleHR1cmVzOntTS0lOOnt1cmw6Imh0dHA6Ly90ZXh0dXJlcy5taW5lY3JhZnQubmV0L3RleHR1cmUvYTg0YzQ4NmQwM2MzY2ZmZDI1NDNlMzAyMmQwYTQwZDZhNmEyMjFmMTIzYjNhZTk0OGY5YTU1NjkwNjEzMTYwNiJ9fX0=\"}]}}}"
    },
    "title": {
      "text": "Подпишите мою петицию?"
    },
    "description": {
      "text": "Поговорите с жителем 100 раз, держа в руке бумажку",
      "color": "gray"
    },
    "frame": "goal",
    "show_toast": true,
    "announce_to_chat": true,
    "hidden": false
  },
  "parent": "gleksquad:root",
  "criteria": {
    "requirement": {
      "trigger": "minecraft:tick",
      "conditions": {
        "player": {
          "type_specific": {
            "type": "player",
            "stats": [
              {
                "type": "minecraft:custom",
                "stat": "minecraft:talked_to_villager",
                "value": {"min": 100}
              }
            ]
          },
          "equipment": {"mainhand": {"items": ["paper"]}}
        }
      }
    }
  },
  "rewards": {
    "experience": 62
  }
}
