{
  "display": {
    "icon": {
      "item": "minecraft:golden_carrot"
    },
    "title": {
      "text": "Ахуенно"
    },
    "description": {
      "text": "Создайте золотую морковь",
      "color": "gray"
    },
    "frame": "task",
    "show_toast": true,
    "announce_to_chat": true,
    "hidden": false
  },
  "parent": "gleksquad:the_worst_food",
  "criteria": {
    "golden_carrot": {
      "trigger": "minecraft:recipe_crafted",
      "conditions": {
        "recipe_id":"minecraft:golden_carrot"
      }
    }
  },
  "rewards": {
    "experience": 5
  }
}
