{
  "display": {
    "icon": {
      "item": "minecraft:emerald",
      "nbt": "{Enchantments:[{id:\"\",lvl:100}]}"
    },
    "title": {
      "text": "Барыга"
    },
    "description": {
      "text": "Поторгуйтесь с жителем 100 раз",
      "color": "gray"
    },
    "frame": "goal",
    "show_toast": true,
    "announce_to_chat": true,
    "hidden": false
  },
  "parent": "gleksquad:talker",
  "criteria": {
    "requirement": {
      "trigger": "minecraft:tick",
      "conditions": {
        "player": {
          "type_specific": {
            "type": "player",
            "stats": [
              {
                "type": "minecraft:custom",
                "stat": "minecraft:traded_with_villager",
                "value": 100
              }
            ]
          }
        }
      }
    }
  },
  "rewards": {
    "experience": 625
  }
}
