{
  "display": {
    "icon": {
      "item": "minecraft:trident"
    },
    "title": {
      "text": "Посейдон"
    },
    "description": {
      "text": "Добудьте трезубец",
      "color": "gray"
    },
    "frame": "task",
    "show_toast": true,
    "announce_to_chat": true,
    "hidden": false
  },
  "parent": "gleksquad:root",
  "criteria": {
    "tnt": {
      "trigger": "minecraft:inventory_changed",
      "conditions": {
        "items": [
          {
            "items": [
              "minecraft:trident"
            ]
          }
        ]
      }
    }
  },
  "rewards": {
    "experience": 13
  }
}
