{
  "display": {
    "icon": {
      "item": "minecraft:turtle_egg"
    },
    "title": {
      "text": "Яичко"
    },
    "description": {
      "text": "Добудьте черепашье яйцо",
      "color": "gray"
    },
    "frame": "task",
    "show_toast": true,
    "announce_to_chat": true,
    "hidden": false
  },
  "parent": "gleksquad:root",
  "criteria": {
    "turtle_egg": {
      "trigger": "minecraft:inventory_changed",
      "conditions": {
        "items": [
          {
            "items": [
              "minecraft:turtle_egg"
            ]
          }
        ]
      }
    }
  },
  "rewards": {
    "experience": 5
  }
}
