{
  "display": {
    "icon": {
      "item": "minecraft:turtle_helmet"
    },
    "title": {
      "text": "Военкор"
    },
    "description": {
      "text": "Создайте черепаший шлем",
      "color": "gray"
    },
    "frame": "goal",
    "show_toast": true,
    "announce_to_chat": true,
    "hidden": false
  },
  "parent": "gleksquad:turtle_egg",
  "criteria": {
    "turtle_helmet": {
      "trigger": "minecraft:recipe_crafted",
      "conditions": {
        "recipe_id":"minecraft:turtle_helmet"
      }
    }
  },
  "rewards": {
    "experience": 25
  }
}
