{
  "display": {
    "icon": {
      "item": "minecraft:wither_rose"
    },
    "title": {
      "text": "Мёртвая роза"
    },
    "description": {
      "text": "Добудьте визер розу",
      "color": "gray"
    },
    "frame": "task",
    "show_toast": true,
    "announce_to_chat": true,
    "hidden": false
  },
  "parent": "gleksquad:root",
  "criteria": {
    "wither_rose": {
      "trigger": "minecraft:inventory_changed",
      "conditions": {
        "items": [
          {
            "items": [
              "minecraft:wither_rose"
            ]
          }
        ]
      }
    }
  },
  "rewards": {
    "experience": 5
  }
}
