{
  "display": {
    "icon": {
      "item": "minecraft:writable_book"
    },
    "title": {
      "text": "Пушкин и Дантес"
    },
    "description": {
      "text": "Создайте книгу c пером",
      "color": "gray"
    },
    "frame": "task",
    "show_toast": true,
    "announce_to_chat": true,
    "hidden": false
  },
  "parent": "gleksquad:root",
  "criteria": {
    "writable_book": {
      "trigger": "minecraft:recipe_crafted",
      "conditions": {
        "recipe_id":"minecraft:writable_book"
      }
    }
  },
  "rewards": {
    "experience": 5
  }
}
