{
  "display": {
    "icon": {
      "item": "minecraft:zombie_head"
    },
    "title": {
      "text": "Мы из \"Ходячих\""
    },
    "description": {
      "text": "Найдите голову зомби",
      "color": "gray"
    },
    "frame": "task",
    "show_toast": true,
    "announce_to_chat": true,
    "hidden": false
  },
  "parent": "gleksquad:skeleton_head",
  "criteria": {
    "pufferfish": {
      "trigger": "minecraft:inventory_changed",
      "conditions": {
        "items": [
          {
            "items": [
              "minecraft:zombie_head"
            ]
          }
        ]
      }
    }
  },
  "rewards": {
    "experience": 25
  }
}
